{"name":"35a9dfa6-48c2-4fd1-9013-55130c46ee81","id":"/providers/Microsoft.Flow/flows/35a9dfa6-48c2-4fd1-9013-55130c46ee81","type":"Microsoft.Flow/flows","properties":{"apiId":"/providers/Microsoft.PowerApps/apis/shared_logicflows","displayName":"CC Authors create public URL","definition":{"metadata":{"workflowEntityId":null,"processAdvisorMetadata":null,"flowclientsuspensionreason":"None","flowclientsuspensiontime":null,"creator":{"id":"f4885f4c-1c2e-42fa-a74b-6e90d294041f","type":"User","tenantId":"70406ed8-5c33-46a2-9274-00e4850b30f8"},"provisioningMethod":"FromDefinition","failureAlertSubscription":true,"clientLastModifiedTime":"2022-07-07T14:28:35.1777604Z"},"$schema":"https://schema.management.azure.com/providers/Microsoft.Logic/schemas/2016-06-01/workflowdefinition.json#","contentVersion":"1.0.0.0","parameters":{"$connections":{"defaultValue":{},"type":"Object"},"$authentication":{"defaultValue":{},"type":"SecureObject"}},"triggers":{"When_a_file_is_created_in_a_folder":{"recurrence":{"frequency":"Minute","interval":1},"metadata":{"%252fShared%2bDocuments%252fGeneral":"/Shared Documents/General","operationMetadataId":"81d9d8d9-526c-4208-8410-e5be36fa07e9"},"type":"OpenApiConnection","inputs":{"host":{"apiId":"/providers/Microsoft.PowerApps/apis/shared_sharepointonline","connectionName":"shared_sharepointonline","operationId":"OnNewFile"},"parameters":{"dataset":"https://m365x97131942.sharepoint.com/sites/CompanyCommunicatorAuthors","folderId":"%252fShared%2bDocuments%252fGeneral","inferContentType":true},"authentication":"@parameters('$authentication')"}}},"actions":{"Create_blob_(V2)":{"runAfter":{"Get_file_properties":["Succeeded"]},"metadata":{"operationMetadataId":"93cf6bad-6a49-4e0f-89b0-c23e63fea42f"},"type":"OpenApiConnection","inputs":{"host":{"apiId":"/providers/Microsoft.PowerApps/apis/shared_azureblob","connectionName":"shared_azureblob_1","operationId":"CreateFile_V2"},"parameters":{"dataset":"AccountNameFromSettings","folderPath":"/ccauthorsurl","name":"@triggerOutputs()?['headers/x-ms-file-name-encoded']","body":"@triggerOutputs()?['body']"},"authentication":"@parameters('$authentication')"},"runtimeConfiguration":{"contentTransfer":{"transferMode":"Chunked"}}},"Initialize_variable":{"runAfter":{"Create_blob_(V2)":["Succeeded"]},"metadata":{"operationMetadataId":"ccb8a987-61cf-4e74-9211-a8b022f1fbcd"},"type":"InitializeVariable","inputs":{"variables":[{"name":"varURL","type":"string","value":"https://ccdemourl.blob.core.windows.net@{outputs('Create_blob_(V2)')?['body/Path']}"}]}},"Post_message_in_a_chat_or_channel":{"runAfter":{"Initialize_variable":["Succeeded"]},"metadata":{"operationMetadataId":"6a8492d4-0ce3-47bc-87b2-563044283f5b"},"type":"OpenApiConnection","inputs":{"host":{"apiId":"/providers/Microsoft.PowerApps/apis/shared_teams","connectionName":"shared_teams","operationId":"PostMessageToConversation"},"parameters":{"poster":"Flow bot","location":"Channel","body/recipient/groupId":"934985d1-a925-4318-80b8-1d1320a95068","body/recipient/channelId":"19:sW-vPmsaSixjWI6EZ60rJH0SBjsUbFqzrASVNzQilrI1@thread.tacv2","body/messageBody":"<p>@{outputs('Get_file_properties')?['body/Editor/DisplayName']} has uploaded a Photo to your Files in the Company Communicator Authors Team, a public URL was created: </p><a href='@{variables('varURL')}'>Link to Photo</a><p>Der Link als Volltext: @{variables('varURL')}</p>"},"authentication":"@parameters('$authentication')"}},"Get_file_properties":{"runAfter":{"Get_file_metadata":["Succeeded"]},"metadata":{"operationMetadataId":"90dda618-6171-4680-9778-dbdd9638edd9"},"type":"OpenApiConnection","inputs":{"host":{"apiId":"/providers/Microsoft.PowerApps/apis/shared_sharepointonline","connectionName":"shared_sharepointonline","operationId":"GetFileItem"},"parameters":{"dataset":"https://m365x97131942.sharepoint.com/sites/CompanyCommunicatorAuthors","table":"951ce893-2294-42d5-8b16-1df8cf15e118","id":"@outputs('Get_file_metadata')?['body/ItemId']"},"authentication":"@parameters('$authentication')"}},"Get_file_metadata":{"runAfter":{},"metadata":{"operationMetadataId":"744ee368-3572-493b-aac3-dc25019f0e6b"},"type":"OpenApiConnection","inputs":{"host":{"apiId":"/providers/Microsoft.PowerApps/apis/shared_sharepointonline","connectionName":"shared_sharepointonline","operationId":"GetFileMetadata"},"parameters":{"dataset":"https://m365x97131942.sharepoint.com/sites/CompanyCommunicatorAuthors","id":"@triggerOutputs()?['headers/x-ms-file-id']"},"authentication":"@parameters('$authentication')"}}}},"connectionReferences":{"shared_azureblob_1":{"connectionName":"shared-azureblob-c24a49fd-abe0-406d-b512-fc6e895f3a80","source":"Embedded","id":"/providers/Microsoft.PowerApps/apis/shared_azureblob","tier":"NotSpecified"},"shared_teams":{"connectionName":"shared-teams-7e2efb03-2aeb-48a7-953b-46e0df6eb430","source":"Embedded","id":"/providers/Microsoft.PowerApps/apis/shared_teams","tier":"NotSpecified"},"shared_sharepointonline":{"connectionName":"ddb6030a18da410fa89aa20754016d8b","source":"Embedded","id":"/providers/Microsoft.PowerApps/apis/shared_sharepointonline","tier":"NotSpecified"}},"flowFailureAlertSubscribed":false,"isManaged":false}}